imdb_id,titleType,Title,originalTitle,startYear,endYear,runtimeMinutes,genres,imdb_rating,imdb_no_votes,Streamer,directors,writers,Age,imdb_id2,tmdb_id
tt12574336,tvSeries,Homemade,Homemade,2020,0,138,Drama,6.1,877.0,Netflix,"nm3235877,nm1135329,nm1290515,nm0149446,nm0350454,nm0442905,nm1701024,nm1883257,nm0133326,nm1868177,nm3534176,nm0533284,nm1121126,nm1848588,nm2509638,nm0771923,nm0815204,nm0829576","nm2213147,nm1883257,nm0585747,nm3235877,nm9161435,nm0074488,nm9161436,nm1135329,nm1802053,nm1290515,nm0149446,nm11708942,nm1227232,nm11708943,nm2178754,nm2884309,nm0350454,nm11708944,nm0133326,nm10708850,nm1868177,nm3534176,nm0533284,nm5010127,nm3227034,nm1121126,nm2509638,nm0771923,nm0815204,nm0829576,nm1471503",TV-MA,12574336,105465.0
tt10675488,tvSeries,Astronomy Club,Astronomy Club,2019,2019,20,Comedy,7.0,657.0,Netflix,"nm1766495,nm4627559,nm1545689","nm4873809,nm6502788,nm3029839,nm7186319,nm3320341,nm2652767,nm2752813,nm1545689,nm1876159",TV-MA,10675488,96218.0
tt6035850,tvSeries,Kulipari,Kulipari,2016,2023,20,"Action,Adventure,Animation",6.8,290.0,Netflix,nm0832309,"nm8454485,nm8435807,nm0832309,nm2783316",TV-Y7,6035850,74222.0
tt5874596,tvSeries,World of Winx,World of Winx,2016,2017,30,"Action,Animation,Comedy",6.7,811.0,Netflix,nm1709238,"nm5405867,nm2862831,nm9655723,nm0455468,nm1709238,nm9655722,nm9655797,nm2905234,nm9655798",TV-Y7,5874596,69919.0
tt5038900,tvSeries,Legend Quest,Legend Quest,2017,2017,22,"Adventure,Animation,Comedy",7.3,532.0,Netflix,"nm8804522,nm7885415,nm3410195,nm5293076,nm8804521,nm3442403,nm3177913","nm0022688,nm1491111,nm0471172,nm5464901,nm4660381,nm4287835,nm0389280,nm0614014,nm7355913,nm2004812",TV-Y7,5038900,77025.0
tt7924854,tvSeries,Luna Petunia: Return to Amazia,Luna Petunia: Return to Amazia,2018,2018,0,Animation,4.9,49.0,Netflix,nm2308438,"nm4964602,nm0328817,nm1414808,nm0403945,nm0509769,nm8581221,nm2090106,nm1054974,nm1718053",TV-Y,7924854,76809.0
tt12411074,tvSeries,Paranormal,Paranormal,2020,2020,45,"Drama,Fantasy,Horror",8.0,74071.0,Netflix,"nm1782844,nm4211435","nm1782844,nm11956511,nm6039268,nm11616860,nm4520722",TV-14,12411074,9922.0
tt11725706,tvSeries,Taj Mahal 1989,Taj Mahal 1989,2020,0,0,"Comedy,Drama,Romance",7.5,1691.0,Netflix,nm6500222,nm6500222,16,11725706,99387.0
tt12775836,tvSeries,Bhaag Beanie Bhaag,Bhaag Beanie Bhaag,2020,0,29,Comedy,3.6,6749.0,Netflix,"nm8379177,nm0619750,nm3066240","nm12078930,nm3398282,nm10844735,nm3939345,nm4162819",TV-MA,12775836,114185.0
tt10027990,tvMiniSeries,Persona,Persona,2019,2019,20,"Drama,Thriller",6.5,1422.0,Netflix,"nm5396854,nm1941507,nm3209293,nm2133235","nm5396854,nm2133235,nm1941507",13,10027990,214626.0
tt6626676,tvSeries,Samantha!,Samantha!,2018,2019,27,Comedy,6.6,539.0,Netflix,"nm1155504,nm2998472,nm1806027,nm0347254","nm1806027,nm2780514,nm6873555,nm4140344,nm8836239,nm0990108,nm3902488,nm5888483,nm5114690,nm5142517",14,6626676,65592.0
tt9641192,tvMiniSeries,Frontera Verde,Frontera Verde,2019,2019,41,"Crime,Drama,Thriller",7.3,2849.0,Netflix,"nm2662166,nm1458734,nm2005384","nm10274439,nm3707864,nm7303709,nm2157916,nm8317725,nm7150116,nm6918567,nm3720906,nm3680035,nm5843642",14,9641192,91699.0
tt10833132,tvSeries,The Club,The Club,2019,0,30,"Comedy,Drama",6.3,962.0,Netflix,"nm2156410,nm2719701,nm5348546","nm13462217,nm5537263,nm2719701,nm15108055",TV-MA,10833132,14177.0
tt12364156,tvMiniSeries,The Search,The Search,2020,2020,0,Crime,5.7,705.0,Netflix,"nm3403118,nm2759628,nm2048922","nm2683524,nm3891766,nm2759628",MA15+,12364156,13924.0
tt6647696,tvSeries,Marching Orders,Marching Orders,2017,0,0,Documentary,6.2,261.0,Netflix,\N,\N,7,6647696,81350.0
tt8893546,tvSeries,Boca Juniors Confidential,Boca Juniors Confidential,2018,2018,45,"Documentary,Sport",6.4,389.0,Netflix,nm3215670,\N,Atp,8893546,82368.0
tt9437310,tvSeries,Inside the Real Narcos,Inside the Real Narcos,2018,2018,45,"Crime,Documentary",7.5,788.0,Netflix,\N,\N,16+,9437310,84956.0
tt10753590,tvSeries,Happy Jail,Happy Jail,2019,0,0,Documentary,7.0,267.0,Netflix,nm2867588,\N,13+,10753590,92381.0
tt12930602,tvSeries,The Playbook,The Playbook,2020,2020,0,"Documentary,Sport",7.4,1677.0,Netflix,"nm3736670,nm1837360,nm2307949,nm1677210",\N,TV-MA,12930602,110193.0
tt13070478,tvSeries,Deaf U,Deaf U,2020,2020,0,"Drama,Reality-TV",6.4,503.0,Netflix,\N,nm1752112,TV-MA,13070478,110749.0
tt15529566,tvMiniSeries,The Motive,The Motive,2020,2021,141,"Crime,Documentary,Mystery",5.2,1757.0,Netflix,"nm0791442,nm0837231","nm0791442,nm0837231",16,15529566,137004.0
tt8295694,tvSeries,Fastest Car,Fastest Car,2018,2019,45,"Documentary,Reality-TV",7.1,1432.0,Netflix,nm1471003,nm1347776,TV-MA,8295694,78412.0
tt8893566,tvSeries,Battlefish,Battlefish,2018,0,42,Reality-TV,7.1,499.0,Netflix,\N,\N,TV-MA,8893566,82498.0
tt8693758,tvSeries,Westside,Westside,2018,2018,50,Musical,6.2,171.0,Netflix,nm2899506,nm3906144,16+,8693758,63141.0
tt8887956,tvSeries,Death by Magic,Death by Magic,2018,2018,35,Reality-TV,6.1,742.0,Netflix,nm2222613,\N,TV-14,8887956,84552.0
tt10521644,tvSeries,Extreme Engagement,Extreme Engagement,2019,2019,0,Reality-TV,5.8,406.0,Netflix,"nm0975073,nm5330897",\N,16,10521644,91047.0
tt11215130,tvSeries,No Time for Shame,No Time for Shame,2019,2019,0,Reality-TV,5.8,92.0,Netflix,\N,nm13964200,R21,11215130,95183.0
tt12923734,tvSeries,Sing On!,Sing On!,2020,2020,0,"Game-Show,Music",6.5,472.0,Netflix,nm0726386,nm7060087,TV-PG,12923734,108210.0
tt12409154,tvSeries,We Are the Champions,We Are the Champions,2020,2020,30,"Documentary,Game-Show",7.1,1607.0,Netflix,"nm2330367,nm0294517,nm1804553",nm3211972,TV-MA,12409154,204253.0
tt5779222,tvSeries,Julie's Greenroom,Julie's Greenroom,2017,2017,27,"Comedy,Family,Musical",8.3,344.0,Netflix,nm0563505,"nm0000267,nm0736538,nm0563505,nm0734318,nm0910501,nm0700834",0,5779222,69137.0
tt7204366,tvSeries,A Little Help with Carol Burnett,A Little Help with Carol Burnett,2018,2018,23,Talk-Show,6.3,253.0,Netflix,nm3025133,"nm0500140,nm0936364,nm0000993",TV-G,7204366,73113.0
tt10687464,tvSeries,Emily's Wonder Lab,Emily's Wonder Lab,2020,2020,0,"Family,Talk-Show",8.8,232.0,Netflix,\N,\N,TV-G,10687464,106753.0
tt4790548,tvMiniSeries,Underwear,Underwear,2015,2015,50,"Comedy,Drama",7.3,1007.0,Netflix,"nm3183826,nm3104462",nm4395876,TV-14,4790548,80867.0
tt4716268,tvSeries,Beat Bugs,Beat Bugs,2016,2018,24,"Adventure,Animation,Comedy",7.6,554.0,Netflix,"nm1452285,nm7257888","nm1452285,nm4017399,nm2384757,nm0035768,nm2078666,nm0831370,nm2960552,nm1920946,nm1636247,nm0860367,nm5312291,nm3118552,nm0081301,nm0326379,nm1778064,nm1859040,nm0600694,nm0644380,nm0860375,nm9424096",TV-Y,4716268,67264.0
tt6312916,tvSeries,Kazoops!,Kazoops!,2016,2017,7,"Animation,Comedy,Family",7.4,126.0,Netflix,"nm10110529,nm2997369","nm7267104,nm1831650,nm1836368,nm4736088,nm2718634,nm0696305,nm9474444,nm5614781,nm8784832,nm0916867",A,6312916,80321.0
tt6588218,tvSeries,Terrace House: Aloha State,Terrace House: Aloha State,2016,2017,40,"Drama,Reality-TV",7.4,1107.0,Netflix,nm5403089,\N,13,6588218,69864.0
tt6038584,tvMiniSeries,Crazyhead,Crazyhead,2016,2016,60,"Comedy,Horror,Sci-Fi",7.2,5348.0,Netflix,"nm2126148,nm1398781",nm1882744,TV-MA,6038584,68302.0
tt7332652,tvMiniSeries,Re: Mind,Re: Mind,2017,2018,30,"Horror,Mystery,Thriller",4.9,1831.0,Netflix,"nm4866109,nm4438977,nm4270243","nm0015340,nm2120797,nm8870948,nm3920442",TV-MA,7332652,77156.0
tt10686814,tvSeries,Terrace House: Tokyo 2019-2020,Terrace House: Tokyo 2019-2020,2019,2020,40,"Drama,Reality-TV",7.4,787.0,Netflix,\N,\N,13,10686814,88850.0
tt11542960,tvSeries,Ainori Love Wagon: African Journey,Ainori Love Wagon: African Journey,2019,0,0,Reality-TV,7.4,128.0,Netflix,\N,\N,NC16,11542960,102496.0
tt11301834,tvSeries,Crazy Delicious,Crazy Delicious,2020,2020,0,"Documentary,Game-Show",6.8,1137.0,Netflix,"nm1785633,nm1653759,nm1834255",nm9433828,TV-PG,11301834,105125.0
tt13175760,tvSeries,Detention,Detention,2020,0,50,"Drama,Horror,Mystery",6.4,611.0,Netflix,"nm7618075,nm7266102,nm6869411,nm5138738",nm12075652,TV-MA,13175760,15905.0
tt16477820,tvMiniSeries,The Witcher Bestiary,The Witcher Bestiary,2021,2022,0,Documentary,6.6,327.0,Netflix,\N,\N,TV-MA,16477820,922154.0
tt14770480,tvSeries,We the People,We the People,2021,2021,3,"Animation,Comedy,Family",4.2,851.0,Netflix,"nm9498156,nm1155067,nm1370855,nm10248833,nm1509613,nm0709056,nm4302325,nm8645382,nm12629604,nm3219913",nm1349008,TV-PG,14770480,113385.0
tt15717742,tvSeries,"Storybots: Laugh, Learn, Sing","Storybots: Laugh, Learn, Sing",2021,0,0,"Animation,Family",8.5,12.0,Netflix,nm6507773,\N,Atp,15717742,139118.0
tt9184986,tvSeries,Barbarians,Barbarians,2020,0,280,"Action,Adventure,Drama",7.2,29604.0,Netflix,"nm2569510,nm1908892,nm0752328,nm1265673,nm7037740","nm0373070,nm1840907,nm1842551,nm5404569,nm1691446,nm5841167,nm1059621",TV-MA,9184986,14427.0
tt13064634,tvSeries,Glória,Glória,2021,2021,40,"Drama,History,Thriller",7.8,4955.0,Netflix,nm0345743,"nm1761004,nm1757944,nm2773769,nm4082709,nm0799288,nm8401746,nm4264151,nm12502563,nm2405419,nm3053445",TV-MA,13064634,231952.0
tt13317582,tvSeries,The Club,The Club,2021,2023,55,Drama,7.8,11319.0,Netflix,"nm1367069,nm2368338","nm11658959,nm1367069,nm2085861,nm4256932,nm0756326,nm11999415,nm10380516",TV-14,13317582,14177.0
tt13660962,tvSeries,Bling Empire,Bling Empire,2021,2022,38,Reality-TV,5.8,3676.0,Netflix,nm4640988,nm9440006,TV-MA,13660962,116250.0
tt13887518,tvSeries,The Big Day,The Big Day,2021,2021,40,"Reality-TV,Romance",4.7,370.0,Netflix,"nm3473484,nm4455087,nm9263073",nm10881594,TV-MA,13887518,118754.0
tt14136320,tvSeries,Magic for Humans by Mago Pop,Magic for Humans by Mago Pop,2021,2021,0,"Comedy,Reality-TV",6.0,96.0,Netflix,\N,\N,TV-MA,14136320,211177.0
tt14644428,tvSeries,"Fresh, Fried and Crispy","Fresh, Fried and Crispy",2021,2021,0,Reality-TV,6.3,743.0,Netflix,"nm2129535,nm2213883",\N,TV-PG,14644428,221515.0
tt6052432,tvMiniSeries,Takki,Takki,2012,0,0,Drama,6.6,335.0,Netflix,nm5259256,"nm11643249,nm11410404,nm5259256",MA15+,6052432,107485.0
tt9203078,tvSeries,Bumping Mics with Jeff Ross & Dave Attell,Bumping Mics with Jeff Ross & Dave Attell,2018,0,36,Comedy,7.7,1294.0,Netflix,nm1285613,"nm0040995,nm0743501",TV-MA,9203078,84451.0
tt11194518,tvSeries,Zona Rosa,Zona Rosa,2019,0,0,Comedy,6.1,63.0,Netflix,nm10743407,\N,R21,11194518,96642.0
tt20597418,tvSeries,First Class,First Class,2022,2022,45,Reality-TV,2.7,158.0,Netflix,nm1709128,\N,16,20597418,204417.0
tt15341198,tvSeries,The Perfect Mother,The Perfect Mother,2021,2021,192,"Drama,Thriller",5.9,1651.0,Netflix,nm0308592,"nm4273952,nm0633560",TV-MA,15341198,131431.0
tt21195494,tvSeries,Oggy and the Cockroaches: Next Generation,Oggy and the Cockroaches: Next Generation,2022,0,7,"Adventure,Animation,Comedy",6.6,93.0,Netflix,nm6187531,"nm12331780,nm14078307,nm2242612,nm5418060",TV-Y7,21195494,240361.0
tt20871054,tvSeries,Netflix Is a Joke: The Festival,Netflix Is a Joke: The Festival,2022,2022,0,Comedy,5.2,54.0,Netflix,nm1272583,\N,R21,20871054,999324.0
tt15875168,tvSeries,Mo,Mo,2022,0,30,"Comedy,Drama",7.6,8951.0,Netflix,nm4918462,"nm3112453,nm10111083,nm2550871,nm3858973,nm5617402",TV-MA,15875168,216289.0
tt13720112,tvSeries,The Empress,The Empress,2022,0,55,"Drama,History,Romance",7.8,13891.0,Netflix,"nm2137182,nm3299248,nm3464744,nm0264265,nm3273019","nm0264265,nm1016679,nm2456944,nm3841108,nm6155747,nm4133588,nm2207962",TV-MA,13720112,50878.0
tt15847542,tvSeries,Only for Love,Only for Love,2022,2022,60,"Drama,Musical",6.6,139.0,Netflix,"nm0044218,nm2602987,nm2105872","nm6049798,nm2795955,nm0266049,nm5888483,nm5031084",TV-MA,15847542,233194.0
tt15764684,tvSeries,Fakes,Fakes,2022,2022,30,Comedy,6.4,1414.0,Netflix,"nm4567259,nm3023641,nm1743325","nm6188726,nm13062701,nm4856025",TV-MA,15764684,207841.0
tt21964626,tvSeries,Entrapped,Entrapped,2022,0,45,"Crime,Drama,Mystery",7.0,3009.0,Netflix,\N,\N,TV-MA,21964626,222155.0
tt22479892,tvSeries,Waffles + Mochi's Restaurant,Waffles + Mochi's Restaurant,2022,0,20,Family,6.7,70.0,Netflix,"nm1464422,nm1628425,nm1659763,nm2510985,nm10842989,nm3514019","nm1534913,nm5741559,nm14127755,nm1225956,nm4364576,nm0861274",TV-Y,22479892,212438.0
tt22055232,tvSeries,The Cage,The Cage,2022,2022,0,"Comedy,Drama,Romance",6.5,157.0,Netflix,nm11025569,\N,13,22055232,128221.0
tt21107776,tvSeries,Buying Beverly Hills,Buying Beverly Hills,2022,0,40,Reality-TV,5.5,754.0,Netflix,\N,\N,TV-MA,21107776,212060.0
tt19723864,tvSeries,Glitter,Glitter,2022,2022,32,Drama,5.5,620.0,Netflix,"nm3191235,nm2038130,nm1274194,nm0463941,nm2737102","nm11068937,nm10825354,nm5092792,nm14351721,nm8412947,nm14351722",TV-MA,19723864,10872.0
tt22497928,tvSeries,The Exchange,The Exchange,2023,0,50,Drama,6.6,850.0,Netflix,"nm11025569,nm14111470","nm8030044,nm3705403,nm1599548",TV-14,22497928,114059.0
tt26745756,tvSeries,The Law of the Jungle,The Law of the Jungle,2023,2023,0,"Action,Adventure,Reality-TV",6.4,121.0,Netflix,\N,\N,TV-MA,26745756,52910.0
tt27128307,tvSeries,The Signing,The Signing,2023,0,0,"Music,Reality-TV",5.7,43.0,Netflix,\N,\N,M18,27128307,237411.0
tt27250301,tvSeries,Ooku: The Inner Chambers,Ooku: The Inner Chambers,2023,0,30,"Animation,Drama,Fantasy",7.3,831.0,Netflix,nm0008352,"nm14684930,nm14684943,nm2959425",,27250301,216226.0
tt26315488,tvSeries,Celebrity,Celebrity,2023,0,60,"Drama,Mystery,Thriller",7.4,4649.0,Netflix,nm1957161,nm2083054,TV-MA,26315488,225148.0
tt27921622,tvSeries,Is She the Wolf?,Is She the Wolf?,2023,2023,30,"Reality-TV,Romance",6.4,150.0,Netflix,\N,\N,TV-PG,27921622,234053.0
tt19723614,tvSeries,Feedback,Feedback,2023,2023,55,"Crime,Drama",7.1,849.0,Netflix,nm1291828,"nm6222970,nm8609952",TV-MA,19723614,137978.0
tt4196686,tvSeries,The Kicks,The Kicks,2015,2016,27,"Comedy,Family,Sport",6.8,780.0,Prime,"nm0638271,nm1487468,nm2118553,nm0020491","nm1362049,nm0825738,nm3019150,nm2903805,nm0649699,nm0044828,nm0225071,nm4906598",TV-G,4196686,68296.0
tt5200330,tvSeries,Dino Dana,Dino Dana,2017,2020,22,"Adventure,Comedy,Family",7.4,559.0,Prime,"nm1664945,nm0768737,nm1743325,nm1089963,nm3506441,nm2240418,nm0721959,nm1275939,nm0002836,nm1284464,nm0345286,nm4207591,nm2847100,nm0009132,nm1278381,nm0212568,nm2605483,nm2174984,nm2885680,nm3907840,nm1361826","nm1664945,nm2576718,nm8303122,nm4943908,nm8187311,nm6636855,nm1621567,nm3619768,nm3876936,nm1920946,nm1206061,nm6959013,nm5749927,nm9076285,nm9537429,nm3149964,nm2778379,nm1423542,nm2272196,nm9034960,nm3715303,nm5022262,nm1682741,nm2044621,nm2954947,nm2069956,nm4665361,nm2047890,nm4740113,nm3083154,nm5439274",TV-Y,5200330,71655.0
tt7076630,tvMiniSeries,Vanity Fair,Vanity Fair,2018,2018,60,Drama,7.3,5564.0,Prime,"nm1326093,nm3536642","nm0400634,nm0856842",TV-14,7076630,109857.0
tt8773420,tvSeries,Expats,Expats,2023,0,96,Drama,7.5,62.0,Prime,nm2304675,"nm5612209,nm1912767,nm10015431,nm2304675,nm3399858,nm2977599",,8773420,95556.0
tt0115203,tvSeries,The High Life,The High Life,1996,0,0,Comedy,6.3,22.0,HBO(Max),"nm0715636,nm0490792,nm0764319","nm0720304,nm1014365,nm1015106,nm0129325",,115203,25076.0
tt0115396,tvSeries,Tracey Takes On...,Tracey Takes On...,1996,1999,30,Comedy,7.3,650.0,HBO(Max),"nm0001808,nm0769135,nm0772095,nm0330140,nm0390844,nm0571106,nm0004627,nm0193508,nm0669797","nm0001808,nm0069547,nm0166074,nm0478588,nm0661275,nm0463176,nm0571647,nm0628214,nm0564254,nm0957139,nm0458228,nm0298279,nm0790635",,115396,2698.0
tt1666727,tvSeries,The Neistat Brothers,The Neistat Brothers,2010,0,0,Biography,8.2,507.0,HBO(Max),"nm2931325,nm2931326","nm2931325,nm2931326",,1666727,70888.0
tt2165141,tvSeries,The Boring Life of Jacqueline,The Boring Life of Jacqueline,2012,0,0,Comedy,7.9,76.0,HBO(Max),nm2928364,nm2928364,,2165141,56760.0
tt0465326,tvMiniSeries,Elizabeth I,Elizabeth I,2005,2005,223,"Biography,Drama,History",7.9,6972.0,HBO(Max),nm0393799,nm0931388,,465326,13291.0
tt0758789,tvMiniSeries,Tsunami: The Aftermath,Tsunami: The Aftermath,2006,2006,111,Drama,6.8,2307.0,HBO(Max),nm0620576,nm0604448,,758789,13238.0
tt2401256,tvMiniSeries,The Night Of,The Night Of,2016,2016,525,"Crime,Drama,Mystery",8.4,167570.0,HBO(Max),"nm0001873,nm1016428","nm0595584,nm0697115,nm0001873",,2401256,862.0
tt8694364,tvMiniSeries,Years and Years,Years and Years,2019,2019,60,"Drama,Sci-Fi",8.3,32534.0,HBO(Max),"nm0611679,nm0148116",nm0203961,,8694364,239729.0
tt8550800,tvSeries,The Outsider,The Outsider,2020,2020,60,"Crime,Drama,Horror",7.6,93610.0,HBO(Max),"nm0076997,nm0007125,nm0476201,nm0000867,nm0104851,nm0717225,nm2300570","nm0000175,nm0697115,nm1212331,nm6863995",,8550800,30191.0
tt1553644,tvSeries,The Ricky Gervais Show,The Ricky Gervais Show,2010,2012,30,"Animation,Comedy,Talk-Show",8.4,17021.0,HBO(Max),"nm1683464,nm0446063","nm0315041,nm0580351,nm1797453",,1553644,35305.0
tt0242213,tvSeries,The Little Lulu Show,The Little Lulu Show,1995,1999,25,"Animation,Comedy,Family",7.2,775.0,HBO(Max),"nm2902698,nm0726894,nm0047278","nm0487548,nm0540695,nm1044423,nm0330820,nm0298077,nm2862777,nm1093722,nm0674902,nm1044464,nm0034860,nm1057737,nm2108500,nm2136573,nm0528573,nm1991806,nm0003944,nm0969050,nm1839655,nm0612283,nm0429115,nm1040177,nm1233152,nm1044449,nm1129327,nm3138883,nm1040467,nm0555658,nm0602922,nm5742446,nm1044422,nm0084225,nm0094541,nm1740517,nm0432256,nm0762561,nm1104513,nm1438264,nm1089179,nm0098898,nm5742534,nm0359547,nm5742527,nm1090730,nm1455797,nm1994926,nm1091204,nm5742528,nm1091597,nm0119151",,242213,10400.0
tt0115406,tvSeries,The Neverending Story,The Neverending Story,1995,1996,30,"Adventure,Animation,Fantasy",6.1,295.0,HBO(Max),"nm0266457,nm2521923","nm1986243,nm1993267,nm12617885,nm0186897,nm2688290,nm1740517,nm3965682,nm1044464,nm0745268,nm2351178,nm0766558,nm0774927,nm0808523,nm0811842,nm1059532,nm1003939",,115406,10986.0
tt0238783,tvSeries,George and Martha,George and Martha,1999,2000,30,"Animation,Comedy,Family",7.0,233.0,HBO(Max),"nm1712238,nm0885795,nm0843220","nm0550930,nm0432256,nm0540695,nm0675708,nm1130314,nm1379970,nm1493255,nm1494121,nm0858392,nm1074118,nm0918597,nm0325214,nm0509511,nm0056548,nm0224851,nm0612283,nm0638218",,238783,1822.0
tt0283735,tvSeries,Harold and the Purple Crayon,Harold and the Purple Crayon,2001,2002,0,"Animation,Family,Fantasy",7.9,147.0,HBO(Max),"nm2705237,nm0858355,nm0814295,nm0254085,nm1452674","nm1740768,nm2181183,nm0458807,nm0319175,nm0471217,nm1453801,nm0366554,nm0834669,nm1332821",,283735,24875.0
tt0397161,tvSeries,I Spy,I Spy,2002,0,0,Animation,7.3,68.0,HBO(Max),"nm0211005,nm0088101,nm4853622,nm1556161","nm0704806,nm0833100,nm1237528,nm1740768,nm1161923,nm0674902,nm1044464,nm1093722,nm0121402,nm1017001,nm1089133",,397161,4899.0
tt0096677,tvSeries,"Philip Marlowe, Private Eye","Philip Marlowe, Private Eye",1983,1986,60,"Action,Crime,Mystery",7.8,473.0,HBO(Max),"nm0410769,nm0402597,nm0285302,nm0370868,nm0926892,nm0454437,nm0492275","nm0151452,nm0252100,nm0390415,nm0489679,nm0548999,nm0370713,nm0809424,nm0838721,nm0926892",,96677,1064.0
tt0085065,tvSeries,Not Necessarily the News,Not Necessarily the News,1982,1990,\N,Comedy,7.5,549.0,HBO(Max),"nm0145376,nm0595657,nm0343622,nm0469689,nm0589106","nm0036784,nm0403791,nm1238470,nm0764861,nm0356025,nm0595657,nm0691114,nm0724312,nm0469689,nm1115689,nm0561631,nm1269014,nm0419830,nm0718514,nm0005277,nm0054993,nm2959721,nm0743550,nm3657919,nm0532250,nm2960756,nm0548582,nm0199948,nm0056462,nm3656200,nm1547528,nm1044461,nm0643824,nm2961292,nm0583127,nm0771680,nm2399917,nm0704989,nm0950085,nm0733427,nm0001834,nm0038660,nm3034778,nm3629009,nm2960350,nm0348800,nm2961455,nm0943237,nm15405589,nm0493858,nm0755293",,85065,9916.0
tt0096576,tvSeries,Encyclopedia Brown,Encyclopedia Brown,1989,\N,55,"Adventure,Comedy,Family",7.7,119.0,HBO(Max),nm0390822,"nm0532530,nm1583726",,96576,28534.0
tt0364813,tvSeries,Hardcore TV,Hardcore TV,1992,\N,\N,Comedy,8.2,92.0,HBO(Max),"nm0931906,nm0169874","nm0298858,nm0975028,nm1357846,nm0625789",,364813,14774.0
tt0086711,tvMiniSeries,The Far Pavilions,The Far Pavilions,1984,1984,315,"Drama,History,Romance",7.0,861.0,HBO(Max),nm0240439,"nm0093972,nm0443349",,86711,47779.0
tt0094562,tvMiniSeries,Tanner '88,Tanner '88,1988,1988,353,"Comedy,Drama",7.8,938.0,HBO(Max),nm0000265,nm0874034,,94562,1804.0
tt0107378,tvMiniSeries,Laurel Avenue,Laurel Avenue,1993,1993,180,Drama,7.9,149.0,HBO(Max),nm0002083,"nm0007477,nm0114285",,107378,14986.0
tt0088591,tvSeries,The Ray Bradbury Theater,The Ray Bradbury Theater,1985,1992,23,"Drama,Fantasy,Horror",7.3,1652.0,HBO(Max),"nm0103523,nm0867011,nm0481910,nm0090904,nm0877427,nm0848414,nm0528420,nm0564260,nm0685923,nm0182978,nm0531640,nm0567680,nm0612786,nm0789128,nm0869629,nm0296651,nm0859389,nm0413465,nm0095085,nm0126756,nm0144110,nm0227192,nm0335131,nm0348274,nm0793525,nm0093151,nm0104617,nm0178593,nm0471862,nm0572560,nm0614583,nm0041032,nm0047195,nm0132490,nm0512052,nm0546765,nm0663328,nm0717305,nm0923768,nm0206758","nm0001969,nm0557162,nm0206758",,88591,5656.0
tt0139780,tvSeries,Lifestories: Families in Crisis,Lifestories: Families in Crisis,1992,1996,30,"Drama,Family,Short",7.0,187.0,HBO(Max),"nm0850044,nm0305405,nm0002339,nm0872442,nm0685673,nm0606483,nm2576323,nm0002728,nm0240984","nm0363483,nm0392694,nm0293231,nm0713131,nm0502039,nm2258861,nm0614244",,139780,14247.0
tt2738036,tvSeries,HBO Storybook Musicals,HBO Storybook Musicals,1987,\N,\N,"Animation,Family,Musical",8.4,17.0,HBO(Max),"nm0807749,nm0819443","nm0123759,nm0279684,nm0458951,nm0819443,nm1520948",,2738036,11273.0
tt5875646,tvSeries,Freakish,Freakish,2016,2018,22,"Action,Drama,Horror",6.1,3035.0,Hulu,"nm0342603,nm0021592,nm0813446,nm0908587,nm0135529,nm0864468","nm2927127,nm2744718,nm1090179,nm0536841,nm0717954,nm1068213",,5875646,68052.0
tt1236246,tvSeries,Runaways,Runaways,2017,2019,60,"Action,Drama,Sci-Fi",6.8,28043.0,Hulu,"nm1052973,nm2007278,nm0126032,nm0606845,nm0509183,nm1270350,nm0206259,nm0387486,nm2745490,nm0605137,nm0791381,nm1084723,nm1305344,nm0534901,nm0542642,nm1457361,nm0676671,nm0007096,nm0839660,nm1406831,nm0362734,nm1353167,nm1060984,nm1203789,nm0941276","nm3020778,nm1335634,nm0777300,nm1592205,nm3098669,nm3428500,nm0670266,nm5771286,nm0573336,nm4212091,nm9638153,nm0055756,nm1576909,nm1492404,nm1161500,nm0283905,nm2353662,nm9638154",,1236246,116521.0
tt2187319,tvSeries,Battleground,Battleground,2012,2012,22,"Comedy,Drama",7.7,333.0,Hulu,nm0909665,"nm2043941,nm1965663,nm3314983,nm0909665",,2187319,57283.0
tt3453512,tvSeries,The Hotwives of Orlando,The Hotwives of Orlando,2014,2014,30,Comedy,7.5,975.0,Hulu,nm2352792,"nm0270718,nm1668855",,3453512,61281.0
tt4633166,tvSeries,The Hotwives of Las Vegas,The Hotwives of Las Vegas,2015,2015,30,Comedy,6.8,533.0,Hulu,nm2352792,"nm0270718,nm1668855",,4633166,75390.0
tt4676574,tvSeries,Difficult People,Difficult People,2015,2017,30,Comedy,7.1,4512.0,Hulu,"nm0907835,nm0281598,nm0198490,nm2062844","nm2453113,nm0283905,nm3756026,nm2062844,nm1417116,nm0502046,nm3920289,nm1912534,nm11505386",,4676574,63353.0
tt2269658,tvSeries,Doozers,Doozers,2012,2018,11,"Animation,Family",7.4,72.0,Hulu,"nm0725994,nm1185009,nm0330665,nm1929744,nm3773734,nm5293191,nm0414505","nm1920946,nm1185009,nm1682741,nm1135023,nm2954947,nm2194656,nm0674902,nm3774283,nm1776781,nm4665361,nm4421132,nm1115084,nm2047890,nm4034222",,2269658,79516.0
tt2057511,tvSeries,A Day in the Life,A Day in the Life,2011,2012,25,Documentary,6.0,55.0,Hulu,nm1041597,\N,,2057511,40488.0
tt2884130,tvSeries,Behind the Mask,Behind the Mask,2013,2015,30,"Documentary,Sport",7.5,169.0,Hulu,nm2307949,nm2307949,,2884130,84402.0
tt5122514,tvSeries,RocketJump: The Show,RocketJump: The Show,2015,2016,30,"Action,Comedy",7.1,176.0,Hulu,"nm2312117,nm3807502,nm5080673,nm3950075,nm3087799","nm2312117,nm4546045,nm3950075,nm5094166,nm4973231",,5122514,65781.0
tt11203896,tvSeries,VICE Investigates,VICE Investigates,2019,0,0,Documentary,7.0,103.0,Hulu,nm2448288,\N,,11203896,95088.0
tt1826909,tvSeries,The Morning After,The Morning After,2011,0,5,"Short,Talk-Show",7.2,99.0,Hulu,"nm3475882,nm1878342,nm4519246,nm0006802,nm3068010,nm4436863,nm3006046,nm0366612,nm1260607","nm2019720,nm5606517,nm3068010,nm2952462,nm4215903,nm1260607,nm0324330,nm2668086,nm4436863,nm0002123,nm0366612,nm3838766,nm1443120,nm2842124,nm5204249,nm0454020,nm2603028,nm1878342,nm3006046,nm4519246,nm3817196,nm5423900,nm5086142,nm3331919,nm3475882",,1826909,39177.0
tt10404664,tvSeries,Zomboat!,Zomboat!,2019,2019,30,"Comedy,Horror,Sci-Fi",7.0,2123.0,Hulu,nm1034489,"nm3516042,nm1034489,nm1230244",,10404664,94421.0
tt10193046,tvSeries,Utopia Falls,Utopia Falls,2020,2020,60,"Drama,Music,Sci-Fi",5.3,2049.0,Hulu,"nm4207591,nm1275939,nm1284464,nm0840075","nm7215052,nm0540695,nm4207591,nm3697320,nm1563150,nm1237528,nm8354853,nm1289249,nm3625887",,10193046,97559.0
tt5788812,tvMiniSeries,Crow's Blood,Crow's Blood,2016,2016,39,"Drama,Horror,Sci-Fi",6.6,222.0,Hulu,"nm2277508,nm1600160","nm6901643,nm0015340",,5788812,74531.0
tt5094726,tvSeries,High & Low: The Story of S.W.O.R.D.,High & Low: The Story of S.W.O.R.D.,2015,0,0,Action,7.8,363.0,Hulu,"nm8093048,nm6138921,nm2764304,nm0945369",\N,,5094726,70214.0
tt7381954,tvMiniSeries,You Are Tender When It Rains,You Are Tender When It Rains,2017,2017,0,"Drama,Romance",5.9,10.0,Hulu,\N,nm1159897,,7381954,73435.0
tt6115012,tvMiniSeries,Inspector Zenigata,Inspector Zenigata,2017,2017,54,"Action,Comedy,Crime",6.7,25.0,Hulu,"nm0412541,nm5112567,nm2277508,nm2039774,nm5243250","nm0700578,nm5130958,nm4489278,nm2668432,nm0645256,nm1078073",,6115012,88175.0
tt11176048,tvSeries,Earth to Ned,Earth to Ned,2020,0,30,"Comedy,Sci-Fi,Talk-Show",6.6,424.0,Disney,"nm0496417,nm0827868","nm2287168,nm7153883,nm2849922,nm6009984,nm1702086,nm1982901,nm2804127,nm4696339",,11176048,94883.0
tt12578922,tvMiniSeries,SparkShorts,SparkShorts,2019,2021,8,"Animation,Comedy,Drama",7.8,959.0,Disney,"nm2936920,nm1734334,nm3986416,nm1852970,nm3300040,nm0403051,nm1490791,nm6461347","nm2936920,nm1734334,nm3986416,nm1852970,nm3300040,nm1027302,nm2866594,nm0403051,nm1490791,nm6461347",,12578922,242486.0
tt14465474,tvSeries,Launchpad,Launchpad,2021,0,21,"Drama,Short",6.8,225.0,Disney,"nm9276804,nm8639451,nm5648011,nm6613322,nm5998017,nm5501302,nm4541221,nm9184325","nm9276804,nm8639451,nm5648011,nm6613322,nm5998017,nm7761823,nm5501302,nm13934336",,14465474,1143516.0
tt7349924,tvMiniSeries,Club Mickey Mouse,Club Mickey Mouse,2017,0,0,Music,6.0,25.0,Disney,nm5953646,"nm8944568,nm5953646",,7349924,116402.0
